{
  "version": 1,
  "window_size": 30,
  "horizon": 1,
  "timeframe": "1D",
  "features": [
    "close",
    "volume",
    "ema_12",
    "ema_26",
    "macd",
    "macd_signal",
    "macd_hist",
    "rsi",
    "bb_mid",
    "bb_upper",
    "bb_lower",
    "bb_width",
    "ret_1",
    "logret_1",
    "range_hl",
    "body_co",
    "vol_7",
    "vol_14",
    "dow"
  ],
  "x_scaler": {
    "method": "standard",
    "mean": [
      22477.11630181818,
      6618.24722412272,
      22346.76650154377,
      22186.868536305876,
      159.89796523789536,
      157.96622058755617,
      1.9317446503392104,
      53.60992136277444,
      22250.74989272727,
      24810.48549177014,
      19691.014293684402,
      0.2497492586766889,
      0.00229415263753333,
      0.001555911676391613,
      0.054318285929991404,
      0.000810404653558012,
      0.03293262258143002,
      0.03422020618176096,
      3.0
    ],
    "std": [
      19117.222023801853,
      6633.4848524042645,
      18964.782871359977,
      18777.7112039072,
      1178.3012753095775,
      1119.575297760133,
      326.35110106907456,
      18.227945010349554,
      18897.70463257406,
      20913.593309210595,
      17058.26784975752,
      0.1551483655812191,
      0.038373370884889665,
      0.03841953556677002,
      0.040057578673094306,
      0.038685719339818986,
      0.019752806329928298,
      0.017435557504161307,
      2.0003636033117944
    ]
  },
  "y_scaler": {
    "method": "standard",
    "mean": [
      0.001514498117034477
    ],
    "std": [
      0.038558108402025906
    ]
  }
}